date_order,day_of_week_order,date_wh_receive,day_of_week_wh_receive,CW,items
2022-01-01,6,2022-01-01,6,52,18338
2022-01-01,6,2022-01-02,7,52,408
2022-01-01,6,2022-01-03,1,1,2551
2022-01-01,6,2022-01-04,2,1,11965
2022-01-01,6,2022-01-05,3,1,180
2022-01-01,6,2022-01-06,4,1,10
2022-01-01,6,2022-01-07,5,1,12
2022-01-01,6,2022-01-08,6,1,96
2022-01-01,6,2022-01-09,7,1,1
2022-01-01,6,2022-01-10,1,2,13
2022-01-01,6,2022-01-11,2,2,10
2022-01-01,6,2022-01-12,3,2,30
2022-01-02,7,2022-01-02,7,52,26711
2022-01-02,7,2022-01-03,1,1,3537
2022-01-02,7,2022-01-04,2,1,21783
2022-01-02,7,2022-01-05,3,1,279
2022-01-02,7,2022-01-06,4,1,40
2022-01-02,7,2022-01-07,5,1,92
2022-01-02,7,2022-01-08,6,1,15
2022-01-02,7,2022-01-09,7,1,49
2022-01-02,7,2022-01-10,1,2,8
2022-01-02,7,2022-01-11,2,2,8
2022-01-02,7,2022-01-12,3,2,7
2022-01-03,1,2022-01-03,1,1,26397
2022-01-03,1,2022-01-04,2,1,22996
2022-01-03,1,2022-01-05,3,1,39937
2022-01-03,1,2022-01-06,4,1,136
2022-01-03,1,2022-01-07,5,1,217
2022-01-03,1,2022-01-08,6,1,206
2022-01-03,1,2022-01-10,1,2,125
2022-01-03,1,2022-01-11,2,2,36
2022-01-03,1,2022-01-12,3,2,55
2022-01-03,1,2022-01-13,4,2,7
2022-01-04,2,2022-01-04,2,1,37005
2022-01-04,2,2022-01-05,3,1,24346
2022-01-04,2,2022-01-06,4,1,21619
2022-01-04,2,2022-01-07,5,1,356
2022-01-04,2,2022-01-08,6,1,198
2022-01-04,2,2022-01-10,1,2,77
2022-01-04,2,2022-01-11,2,2,86
2022-01-04,2,2022-01-12,3,2,105
2022-01-04,2,2022-01-13,4,2,12
2022-01-04,2,2022-01-14,5,2,5
2022-01-04,2,2022-01-15,6,2,7
2022-01-04,2,2022-01-17,1,3,11
2022-01-04,2,2022-01-18,2,3,4
2022-01-05,3,2022-01-05,3,1,28878
2022-01-05,3,2022-01-06,4,1,8926
2022-01-05,3,2022-01-07,5,1,17464
2022-01-05,3,2022-01-08,6,1,11158
2022-01-05,3,2022-01-09,7,1,5
2022-01-05,3,2022-01-10,1,2,106
2022-01-05,3,2022-01-11,2,2,120
2022-01-05,3,2022-01-12,3,2,62
2022-01-05,3,2022-01-13,4,2,74
2022-01-05,3,2022-01-14,5,2,14
2022-01-05,3,2022-01-15,6,2,8
2022-01-05,3,2022-01-20,4,3,3
2022-01-06,4,2022-01-06,4,1,39786
2022-01-06,4,2022-01-07,5,1,16103
2022-01-06,4,2022-01-08,6,1,17458
2022-01-06,4,2022-01-09,7,1,210
2022-01-06,4,2022-01-10,1,2,464
2022-01-06,4,2022-01-11,2,2,272
2022-01-06,4,2022-01-12,3,2,90
2022-01-06,4,2022-01-13,4,2,72
2022-01-06,4,2022-01-14,5,2,82
2022-01-06,4,2022-01-15,6,2,13
2022-01-06,4,2022-01-17,1,3,7
2022-01-06,4,2022-01-18,2,3,8
2022-01-06,4,2022-01-19,3,3,7
2022-01-07,5,2022-01-07,5,1,28527
2022-01-07,5,2022-01-08,6,1,8741
2022-01-07,5,2022-01-09,7,1,12
2022-01-07,5,2022-01-10,1,2,9370
2022-01-07,5,2022-01-11,2,2,2120
2022-01-07,5,2022-01-12,3,2,159
2022-01-07,5,2022-01-13,4,2,96
2022-01-07,5,2022-01-14,5,2,136
2022-01-07,5,2022-01-15,6,2,26
2022-01-07,5,2022-01-17,1,3,10
2022-01-07,5,2022-01-18,2,3,14
2022-01-07,5,2022-01-19,3,3,1
2022-01-07,5,2022-01-20,4,3,9
2022-01-08,6,2022-01-08,6,1,23256
2022-01-08,6,2022-01-09,7,1,235
2022-01-08,6,2022-01-10,1,2,15727
2022-01-08,6,2022-01-11,2,2,3078
2022-01-08,6,2022-01-12,3,2,275
2022-01-08,6,2022-01-13,4,2,57
2022-01-08,6,2022-01-14,5,2,33
2022-01-08,6,2022-01-15,6,2,8
2022-01-08,6,2022-01-16,7,2,12
2022-01-08,6,2022-01-17,1,3,6
2022-01-08,6,2022-01-18,2,3,13
2022-01-08,6,2022-01-19,3,3,5
2022-01-08,6,2022-01-20,4,3,6
2022-01-09,7,2022-01-09,7,1,35268
2022-01-09,7,2022-01-10,1,2,10197
2022-01-09,7,2022-01-11,2,2,17709
2022-01-09,7,2022-01-12,3,2,270
2022-01-09,7,2022-01-13,4,2,82
2022-01-09,7,2022-01-14,5,2,103
2022-01-09,7,2022-01-15,6,2,24
2022-01-09,7,2022-01-16,7,2,15
2022-01-09,7,2022-01-17,1,3,77
2022-01-09,7,2022-01-18,2,3,35
2022-01-09,7,2022-01-19,3,3,25
2022-01-10,1,2022-01-10,1,2,36245
2022-01-10,1,2022-01-11,2,2,19124
2022-01-10,1,2022-01-12,3,2,22243
2022-01-10,1,2022-01-13,4,2,297
2022-01-10,1,2022-01-14,5,2,95
2022-01-10,1,2022-01-15,6,2,86
2022-01-10,1,2022-01-16,7,2,37
2022-01-10,1,2022-01-17,1,3,121
2022-01-10,1,2022-01-18,2,3,93
2022-01-10,1,2022-01-19,3,3,88
2022-01-10,1,2022-01-20,4,3,32
2022-01-10,1,2022-01-25,2,4,1
2022-01-10,1,2022-01-27,4,4,13
2022-01-11,2,2022-01-11,2,2,43875
2022-01-11,2,2022-01-12,3,2,27694
2022-01-11,2,2022-01-13,4,2,19227
2022-01-11,2,2022-01-14,5,2,534
2022-01-11,2,2022-01-15,6,2,123
2022-01-11,2,2022-01-16,7,2,15
2022-01-11,2,2022-01-17,1,3,102
2022-01-11,2,2022-01-18,2,3,78
2022-01-11,2,2022-01-19,3,3,104
2022-01-11,2,2022-01-20,4,3,72
2022-01-11,2,2022-01-21,5,3,23
2022-01-11,2,2022-01-22,6,3,10
2022-01-12,3,2022-01-12,3,2,34423
2022-01-12,3,2022-01-13,4,2,16920
2022-01-12,3,2022-01-14,5,2,18037
2022-01-12,3,2022-01-15,6,2,208
2022-01-12,3,2022-01-16,7,2,37
2022-01-12,3,2022-01-17,1,3,235
2022-01-12,3,2022-01-18,2,3,162
2022-01-12,3,2022-01-19,3,3,98
2022-01-12,3,2022-01-20,4,3,160
2022-01-12,3,2022-01-21,5,3,28
2022-01-12,3,2022-01-22,6,3,7
2022-01-12,3,2022-01-24,1,4,14
2022-01-12,3,2022-01-25,2,4,5
2022-01-12,3,2022-01-26,3,4,1
2022-01-13,4,2022-01-13,4,2,32005
2022-01-13,4,2022-01-14,5,2,26004
2022-01-13,4,2022-01-15,6,2,14567
2022-01-13,4,2022-01-16,7,2,2177
2022-01-13,4,2022-01-17,1,3,609
2022-01-13,4,2022-01-18,2,3,209
2022-01-13,4,2022-01-19,3,3,198
2022-01-13,4,2022-01-20,4,3,101
2022-01-13,4,2022-01-21,5,3,18
2022-01-13,4,2022-01-22,6,3,30
2022-01-13,4,2022-01-23,7,3,1
2022-01-13,4,2022-01-24,1,4,6
2022-01-13,4,2022-01-25,2,4,12
2022-01-14,5,2022-01-14,5,2,36288
2022-01-14,5,2022-01-15,6,2,7379
2022-01-14,5,2022-01-16,7,2,3245
2022-01-14,5,2022-01-17,1,3,15795
2022-01-14,5,2022-01-18,2,3,6362
2022-01-14,5,2022-01-19,3,3,292
2022-01-14,5,2022-01-20,4,3,132
2022-01-14,5,2022-01-21,5,3,66
2022-01-14,5,2022-01-22,6,3,36
2022-01-14,5,2022-01-24,1,4,12
2022-01-14,5,2022-01-25,2,4,68
2022-01-14,5,2022-01-26,3,4,8
2022-01-15,6,2022-01-15,6,2,20704
2022-01-15,6,2022-01-16,7,2,184
2022-01-15,6,2022-01-17,1,3,25847
2022-01-15,6,2022-01-18,2,3,10831
2022-01-15,6,2022-01-19,3,3,607
2022-01-15,6,2022-01-20,4,3,182
2022-01-15,6,2022-01-21,5,3,38
2022-01-15,6,2022-01-22,6,3,30
2022-01-15,6,2022-01-24,1,4,14
2022-01-15,6,2022-01-25,2,4,7
2022-01-15,6,2022-01-26,3,4,25
2022-01-16,7,2022-01-16,7,2,29994
2022-01-16,7,2022-01-17,1,3,12445
2022-01-16,7,2022-01-18,2,3,44144
2022-01-16,7,2022-01-19,3,3,622
2022-01-16,7,2022-01-20,4,3,315
2022-01-16,7,2022-01-21,5,3,90
2022-01-16,7,2022-01-22,6,3,26
2022-01-16,7,2022-01-23,7,3,64
2022-01-16,7,2022-01-24,1,4,10
2022-01-16,7,2022-01-25,2,4,6
2022-01-16,7,2022-01-26,3,4,55
2022-01-16,7,2022-01-27,4,4,22
2022-01-16,7,2022-01-29,6,4,5
2022-01-17,1,2022-01-17,1,3,28651
2022-01-17,1,2022-01-18,2,3,29044
2022-01-17,1,2022-01-19,3,3,34134
2022-01-17,1,2022-01-20,4,3,761
2022-01-17,1,2022-01-21,5,3,124
2022-01-17,1,2022-01-22,6,3,40
2022-01-17,1,2022-01-23,7,3,2
2022-01-17,1,2022-01-24,1,4,104
2022-01-17,1,2022-01-25,2,4,20
2022-01-17,1,2022-01-26,3,4,52
2022-01-17,1,2022-01-27,4,4,12
2022-01-17,1,2022-01-28,5,4,5
2022-01-18,2,2022-01-18,2,3,33337
2022-01-18,2,2022-01-19,3,3,32276
2022-01-18,2,2022-01-20,4,3,22725
2022-01-18,2,2022-01-21,5,3,349
2022-01-18,2,2022-01-22,6,3,148
2022-01-18,2,2022-01-24,1,4,28
2022-01-18,2,2022-01-25,2,4,81
2022-01-18,2,2022-01-26,3,4,45
2022-01-18,2,2022-01-27,4,4,19
2022-01-18,2,2022-01-28,5,4,53
2022-01-18,2,2022-01-29,6,4,7
2022-01-18,2,2022-01-31,1,5,3
2022-01-18,2,2022-02-01,2,5,9
2022-01-18,2,2022-02-02,3,5,3
2022-01-19,3,2022-01-19,3,3,32565
2022-01-19,3,2022-01-20,4,3,24697
2022-01-19,3,2022-01-21,5,3,23497
2022-01-19,3,2022-01-22,6,3,495
2022-01-19,3,2022-01-23,7,3,79
2022-01-19,3,2022-01-24,1,4,230
2022-01-19,3,2022-01-25,2,4,298
2022-01-19,3,2022-01-26,3,4,238
2022-01-19,3,2022-01-27,4,4,48
2022-01-19,3,2022-01-28,5,4,65
2022-01-19,3,2022-01-29,6,4,7
2022-01-19,3,2022-01-31,1,5,9
2022-01-19,3,2022-02-01,2,5,19
2022-01-19,3,2022-02-04,5,5,31
2022-01-20,4,2022-01-20,4,3,43197
2022-01-20,4,2022-01-21,5,3,29009
2022-01-20,4,2022-01-22,6,3,20891
2022-01-20,4,2022-01-23,7,3,476
2022-01-20,4,2022-01-24,1,4,1198
2022-01-20,4,2022-01-25,2,4,727
2022-01-20,4,2022-01-26,3,4,194
2022-01-20,4,2022-01-27,4,4,186
2022-01-20,4,2022-01-28,5,4,57
2022-01-20,4,2022-01-29,6,4,39
2022-01-20,4,2022-01-31,1,5,14
2022-01-20,4,2022-02-01,2,5,28
2022-01-20,4,2022-02-02,3,5,2
2022-01-20,4,2022-02-03,4,5,1
2022-01-21,5,2022-01-21,5,3,37819
2022-01-21,5,2022-01-22,6,3,15506
2022-01-21,5,2022-01-23,7,3,870
2022-01-21,5,2022-01-24,1,4,13216
2022-01-21,5,2022-01-25,2,4,4560
2022-01-21,5,2022-01-26,3,4,251
2022-01-21,5,2022-01-27,4,4,98
2022-01-21,5,2022-01-28,5,4,105
2022-01-21,5,2022-01-29,6,4,40
2022-01-21,5,2022-01-31,1,5,32
2022-01-21,5,2022-02-01,2,5,19
2022-01-21,5,2022-02-02,3,5,37
2022-01-21,5,2022-02-09,3,6,16
2022-01-22,6,2022-01-22,6,3,21429
2022-01-22,6,2022-01-23,7,3,174
2022-01-22,6,2022-01-24,1,4,24620
2022-01-22,6,2022-01-25,2,4,10095
2022-01-22,6,2022-01-26,3,4,384
2022-01-22,6,2022-01-27,4,4,70
2022-01-22,6,2022-01-28,5,4,26
2022-01-22,6,2022-01-29,6,4,45
2022-01-22,6,2022-01-31,1,5,9
2022-01-22,6,2022-02-01,2,5,13
2022-01-22,6,2022-02-02,3,5,70
2022-01-22,6,2022-02-05,6,5,5
2022-01-23,7,2022-01-23,7,3,43137
2022-01-23,7,2022-01-24,1,4,16145
2022-01-23,7,2022-01-25,2,4,66254
2022-01-23,7,2022-01-26,3,4,1444
2022-01-23,7,2022-01-27,4,4,1569
2022-01-23,7,2022-01-28,5,4,278
2022-01-23,7,2022-01-29,6,4,138
2022-01-23,7,2022-01-30,7,4,80
2022-01-23,7,2022-01-31,1,5,202
2022-01-23,7,2022-02-01,2,5,187
2022-01-23,7,2022-02-02,3,5,242
2022-01-23,7,2022-02-03,4,5,22
2022-01-24,1,2022-01-24,1,4,38017
2022-01-24,1,2022-01-25,2,4,35749
2022-01-24,1,2022-01-26,3,4,61991
2022-01-24,1,2022-01-27,4,4,814
2022-01-24,1,2022-01-28,5,4,337
2022-01-24,1,2022-01-29,6,4,154
2022-01-24,1,2022-01-31,1,5,436
2022-01-24,1,2022-02-01,2,5,238
2022-01-24,1,2022-02-02,3,5,284
2022-01-24,1,2022-02-03,4,5,108
2022-01-24,1,2022-02-04,5,5,23
2022-01-25,2,2022-01-25,2,4,50788
2022-01-25,2,2022-01-26,3,4,54253
2022-01-25,2,2022-01-27,4,4,60645
2022-01-25,2,2022-01-28,5,4,1149
2022-01-25,2,2022-01-29,6,4,218
2022-01-25,2,2022-01-31,1,5,253
2022-01-25,2,2022-02-01,2,5,302
2022-01-25,2,2022-02-02,3,5,593
2022-01-25,2,2022-02-03,4,5,362
2022-01-25,2,2022-02-04,5,5,47
2022-01-25,2,2022-02-05,6,5,29
2022-01-25,2,2022-02-07,1,6,40
2022-01-25,2,2022-02-08,2,6,21
2022-01-25,2,2022-02-11,5,6,9
2022-01-25,2,2022-02-15,2,7,6
2022-01-26,3,2022-01-26,3,4,23450
2022-01-26,3,2022-01-27,4,4,8441
2022-01-26,3,2022-01-28,5,4,12575
2022-01-26,3,2022-01-29,6,4,88
2022-01-26,3,2022-01-31,1,5,96
2022-01-26,3,2022-02-01,2,5,41
2022-01-26,3,2022-02-02,3,5,43
2022-01-26,3,2022-02-03,4,5,22
2022-01-26,3,2022-02-04,5,5,4
2022-01-26,3,2022-02-05,6,5,1
2022-01-26,3,2022-02-07,1,6,10
2022-01-27,4,2022-01-27,4,4,33470
2022-01-27,4,2022-01-28,5,4,27185
2022-01-27,4,2022-01-29,6,4,8994
2022-01-27,4,2022-01-31,1,5,775
2022-01-27,4,2022-02-01,2,5,184
2022-01-27,4,2022-02-02,3,5,205
2022-01-27,4,2022-02-03,4,5,101
2022-01-27,4,2022-02-04,5,5,81
2022-01-27,4,2022-02-05,6,5,38
2022-01-27,4,2022-02-07,1,6,3
2022-01-27,4,2022-02-08,2,6,4
2022-01-28,5,2022-01-28,5,4,32003
2022-01-28,5,2022-01-29,6,4,15698
2022-01-28,5,2022-01-30,7,4,14
2022-01-28,5,2022-01-31,1,5,13229
2022-01-28,5,2022-02-01,2,5,2875
2022-01-28,5,2022-02-02,3,5,227
2022-01-28,5,2022-02-03,4,5,141
2022-01-28,5,2022-02-04,5,5,80
2022-01-28,5,2022-02-05,6,5,31
2022-01-28,5,2022-02-08,2,6,6
2022-01-28,5,2022-02-09,3,6,11
2022-01-29,6,2022-01-29,6,4,17800
2022-01-29,6,2022-01-30,7,4,151
2022-01-29,6,2022-01-31,1,5,27226
2022-01-29,6,2022-02-01,2,5,4501
2022-01-29,6,2022-02-02,3,5,438
2022-01-29,6,2022-02-03,4,5,86
2022-01-29,6,2022-02-04,5,5,71
2022-01-29,6,2022-02-05,6,5,35
2022-01-29,6,2022-02-06,7,5,6
2022-01-29,6,2022-02-07,1,6,14
2022-01-29,6,2022-02-08,2,6,8
2022-01-29,6,2022-02-09,3,6,3
2022-01-29,6,2022-02-10,4,6,1
2022-01-29,6,2022-02-12,6,6,2
2022-01-30,7,2022-01-30,7,4,23575
2022-01-30,7,2022-01-31,1,5,9414
2022-01-30,7,2022-02-01,2,5,12836
2022-01-30,7,2022-02-02,3,5,472
2022-01-30,7,2022-02-03,4,5,110
2022-01-30,7,2022-02-04,5,5,53
2022-01-30,7,2022-02-05,6,5,31
2022-01-30,7,2022-02-06,7,5,4
2022-01-30,7,2022-02-07,1,6,52
2022-01-30,7,2022-02-08,2,6,5
2022-01-30,7,2022-02-09,3,6,7
2022-01-30,7,2022-02-10,4,6,3
2022-01-31,1,2022-01-31,1,5,20808
2022-01-31,1,2022-02-01,2,5,9663
2022-01-31,1,2022-02-02,3,5,16355
2022-01-31,1,2022-02-03,4,5,328
2022-01-31,1,2022-02-04,5,5,88
2022-01-31,1,2022-02-05,6,5,15
2022-01-31,1,2022-02-07,1,6,65
2022-01-31,1,2022-02-08,2,6,9
2022-01-31,1,2022-02-09,3,6,25
2022-01-31,1,2022-02-10,4,6,8
2022-02-01,2,2022-02-01,2,5,39623
2022-02-01,2,2022-02-02,3,5,16392
2022-02-01,2,2022-02-03,4,5,14782
2022-02-01,2,2022-02-04,5,5,330
2022-02-01,2,2022-02-05,6,5,53
2022-02-01,2,2022-02-07,1,6,23
2022-02-01,2,2022-02-08,2,6,79
2022-02-01,2,2022-02-09,3,6,67
2022-02-01,2,2022-02-10,4,6,13
2022-02-01,2,2022-02-11,5,6,13
2022-02-01,2,2022-02-12,6,6,11
2022-02-02,3,2022-02-02,3,5,32922
2022-02-02,3,2022-02-03,4,5,17811
2022-02-02,3,2022-02-04,5,5,15017
2022-02-02,3,2022-02-05,6,5,343
2022-02-02,3,2022-02-06,7,5,9
2022-02-02,3,2022-02-07,1,6,144
2022-02-02,3,2022-02-08,2,6,106
2022-02-02,3,2022-02-09,3,6,108
2022-02-02,3,2022-02-10,4,6,55
2022-02-02,3,2022-02-11,5,6,14
2022-02-02,3,2022-02-12,6,6,3
2022-02-02,3,2022-02-14,1,7,6
2022-02-03,4,2022-02-03,4,5,41786
2022-02-03,4,2022-02-04,5,5,33877
2022-02-03,4,2022-02-05,6,5,14838
2022-02-03,4,2022-02-06,7,5,31
2022-02-03,4,2022-02-07,1,6,1199
2022-02-03,4,2022-02-08,2,6,198
2022-02-03,4,2022-02-09,3,6,125
2022-02-03,4,2022-02-10,4,6,137
2022-02-03,4,2022-02-11,5,6,20
2022-02-03,4,2022-02-12,6,6,19
2022-02-03,4,2022-02-15,2,7,8
2022-02-03,4,2022-02-16,3,7,3
2022-02-04,5,2022-02-04,5,5,34459
2022-02-04,5,2022-02-05,6,5,16384
2022-02-04,5,2022-02-06,7,5,7
2022-02-04,5,2022-02-07,1,6,10459
2022-02-04,5,2022-02-08,2,6,3418
2022-02-04,5,2022-02-09,3,6,205
2022-02-04,5,2022-02-10,4,6,72
2022-02-04,5,2022-02-11,5,6,81
2022-02-04,5,2022-02-12,6,6,20
2022-02-04,5,2022-02-14,1,7,43
2022-02-04,5,2022-02-15,2,7,8
2022-02-04,5,2022-02-16,3,7,10
2022-02-04,5,2022-02-17,4,7,8
2022-02-05,6,2022-02-05,6,5,15459
2022-02-05,6,2022-02-06,7,5,119
2022-02-05,6,2022-02-07,1,6,25325
2022-02-05,6,2022-02-08,2,6,3846
2022-02-05,6,2022-02-09,3,6,310
2022-02-05,6,2022-02-10,4,6,39
2022-02-05,6,2022-02-11,5,6,68
2022-02-05,6,2022-02-12,6,6,41
2022-02-05,6,2022-02-14,1,7,8
2022-02-05,6,2022-02-15,2,7,4
2022-02-05,6,2022-02-16,3,7,8
2022-02-06,7,2022-02-06,7,5,36498
2022-02-06,7,2022-02-07,1,6,18342
2022-02-06,7,2022-02-08,2,6,16723
2022-02-06,7,2022-02-09,3,6,252
2022-02-06,7,2022-02-10,4,6,222
2022-02-06,7,2022-02-11,5,6,78
2022-02-06,7,2022-02-12,6,6,37
2022-02-06,7,2022-02-13,7,6,5
2022-02-06,7,2022-02-14,1,7,16
2022-02-06,7,2022-02-15,2,7,54
2022-02-06,7,2022-02-16,3,7,7
2022-02-07,1,2022-02-07,1,6,25719
2022-02-07,1,2022-02-08,2,6,12235
2022-02-07,1,2022-02-09,3,6,17993
2022-02-07,1,2022-02-10,4,6,325
2022-02-07,1,2022-02-11,5,6,139
2022-02-07,1,2022-02-12,6,6,26
2022-02-07,1,2022-02-14,1,7,40
2022-02-07,1,2022-02-15,2,7,33
2022-02-07,1,2022-02-16,3,7,66
2022-02-07,1,2022-02-17,4,7,4
2022-02-08,2,2022-02-08,2,6,36749
2022-02-08,2,2022-02-09,3,6,22527
2022-02-08,2,2022-02-10,4,6,18347
2022-02-08,2,2022-02-11,5,6,437
2022-02-08,2,2022-02-12,6,6,77
2022-02-08,2,2022-02-14,1,7,131
2022-02-08,2,2022-02-15,2,7,346
2022-02-08,2,2022-02-16,3,7,36
2022-02-08,2,2022-02-17,4,7,10
2022-02-08,2,2022-02-18,5,7,13
2022-02-08,2,2022-02-19,6,7,2
2022-02-08,2,2022-02-21,1,8,32
2022-02-09,3,2022-02-09,3,6,34357
2022-02-09,3,2022-02-10,4,6,15634
2022-02-09,3,2022-02-11,5,6,17281
2022-02-09,3,2022-02-12,6,6,275
2022-02-09,3,2022-02-14,1,7,289
2022-02-09,3,2022-02-15,2,7,142
2022-02-09,3,2022-02-16,3,7,86
2022-02-09,3,2022-02-17,4,7,57
2022-02-09,3,2022-02-18,5,7,11
2022-02-09,3,2022-02-19,6,7,14
2022-02-09,3,2022-02-21,1,8,19
2022-02-10,4,2022-02-10,4,6,34387
2022-02-10,4,2022-02-11,5,6,20527
2022-02-10,4,2022-02-12,6,6,17781
2022-02-10,4,2022-02-13,7,6,364
2022-02-10,4,2022-02-14,1,7,1188
2022-02-10,4,2022-02-15,2,7,444
2022-02-10,4,2022-02-16,3,7,160
2022-02-10,4,2022-02-17,4,7,284
2022-02-10,4,2022-02-18,5,7,49
2022-02-10,4,2022-02-19,6,7,7
2022-02-10,4,2022-02-21,1,8,16
2022-02-10,4,2022-02-22,2,8,34
2022-02-10,4,2022-03-01,2,9,1
2022-02-11,5,2022-02-11,5,6,27842
2022-02-11,5,2022-02-12,6,6,15982
2022-02-11,5,2022-02-13,7,6,82
2022-02-11,5,2022-02-14,1,7,12336
2022-02-11,5,2022-02-15,2,7,2317
2022-02-11,5,2022-02-16,3,7,238
2022-02-11,5,2022-02-17,4,7,78
2022-02-11,5,2022-02-18,5,7,108
2022-02-11,5,2022-02-19,6,7,7
2022-02-11,5,2022-02-21,1,8,25
2022-02-11,5,2022-02-22,2,8,13
2022-02-11,5,2022-02-23,3,8,9
2022-02-12,6,2022-02-12,6,6,26170
2022-02-12,6,2022-02-13,7,6,193
2022-02-12,6,2022-02-14,1,7,21227
2022-02-12,6,2022-02-15,2,7,2517
2022-02-12,6,2022-02-16,3,7,276
2022-02-12,6,2022-02-17,4,7,49
2022-02-12,6,2022-02-18,5,7,36
2022-02-12,6,2022-02-19,6,7,34
2022-02-12,6,2022-02-21,1,8,51
2022-02-12,6,2022-02-22,2,8,15
2022-02-12,6,2022-02-23,3,8,14
2022-02-12,6,2022-02-24,4,8,9
2022-02-13,7,2022-02-13,7,6,33925
2022-02-13,7,2022-02-14,1,7,11404
2022-02-13,7,2022-02-15,2,7,19547
2022-02-13,7,2022-02-16,3,7,492
2022-02-13,7,2022-02-17,4,7,151
2022-02-13,7,2022-02-18,5,7,31
2022-02-13,7,2022-02-19,6,7,47
2022-02-13,7,2022-02-20,7,7,51
2022-02-13,7,2022-02-21,1,8,17
2022-02-13,7,2022-02-22,2,8,23
2022-02-13,7,2022-02-23,3,8,4
2022-02-13,7,2022-03-01,2,9,1
2022-02-14,1,2022-02-14,1,7,26116
2022-02-14,1,2022-02-15,2,7,15489
2022-02-14,1,2022-02-16,3,7,25391
2022-02-14,1,2022-02-17,4,7,322
2022-02-14,1,2022-02-18,5,7,175
2022-02-14,1,2022-02-19,6,7,30
2022-02-14,1,2022-02-21,1,8,235
2022-02-14,1,2022-02-22,2,8,71
2022-02-14,1,2022-02-23,3,8,43
2022-02-14,1,2022-02-24,4,8,21
2022-02-14,1,2022-03-11,5,10,13
2022-02-15,2,2022-02-15,2,7,26347
2022-02-15,2,2022-02-16,3,7,7094
2022-02-15,2,2022-02-17,4,7,10776
2022-02-15,2,2022-02-18,5,7,170
2022-02-15,2,2022-02-19,6,7,16
2022-02-15,2,2022-02-21,1,8,71
2022-02-15,2,2022-02-22,2,8,105
2022-02-15,2,2022-02-23,3,8,36
2022-02-15,2,2022-02-24,4,8,15
2022-02-15,2,2022-02-25,5,8,5
2022-02-15,2,2022-02-26,6,8,2
2022-02-16,3,2022-02-16,3,7,36028
2022-02-16,3,2022-02-17,4,7,25337
2022-02-16,3,2022-02-18,5,7,16792
2022-02-16,3,2022-02-19,6,7,108
2022-02-16,3,2022-02-21,1,8,175
2022-02-16,3,2022-02-22,2,8,81
2022-02-16,3,2022-02-23,3,8,90
2022-02-16,3,2022-02-24,4,8,11
2022-02-16,3,2022-02-25,5,8,60
2022-02-16,3,2022-02-26,6,8,10
2022-02-16,3,2022-02-28,1,9,6
2022-02-16,3,2022-03-01,2,9,3
2022-02-17,4,2022-02-17,4,7,32026
2022-02-17,4,2022-02-18,5,7,11329
2022-02-17,4,2022-02-19,6,7,5289
2022-02-17,4,2022-02-21,1,8,4857
2022-02-17,4,2022-02-22,2,8,476
2022-02-17,4,2022-02-23,3,8,92
2022-02-17,4,2022-02-24,4,8,67
2022-02-17,4,2022-02-25,5,8,29
2022-02-17,4,2022-02-26,6,8,6
2022-02-17,4,2022-02-28,1,9,23
2022-02-17,4,2022-03-01,2,9,15
2022-02-17,4,2022-03-02,3,9,5
2022-02-18,5,2022-02-18,5,7,30803
2022-02-18,5,2022-02-19,6,7,8873
2022-02-18,5,2022-02-20,7,7,5
2022-02-18,5,2022-02-21,1,8,20845
2022-02-18,5,2022-02-22,2,8,1974
2022-02-18,5,2022-02-23,3,8,149
2022-02-18,5,2022-02-24,4,8,58
2022-02-18,5,2022-02-25,5,8,64
2022-02-18,5,2022-02-26,6,8,14
2022-02-18,5,2022-02-28,1,9,14
2022-02-18,5,2022-03-01,2,9,29
2022-02-18,5,2022-03-02,3,9,13
2022-02-19,6,2022-02-19,6,7,24652
2022-02-19,6,2022-02-20,7,7,239
2022-02-19,6,2022-02-21,1,8,30647
2022-02-19,6,2022-02-22,2,8,2921
2022-02-19,6,2022-02-23,3,8,275
2022-02-19,6,2022-02-24,4,8,56
2022-02-19,6,2022-02-25,5,8,20
2022-02-19,6,2022-02-26,6,8,80
2022-02-19,6,2022-02-27,7,8,4
2022-02-19,6,2022-02-28,1,9,2
2022-02-19,6,2022-03-01,2,9,6
2022-02-19,6,2022-03-02,3,9,21
2022-02-19,6,2022-03-03,4,9,4
2022-02-20,7,2022-02-20,7,7,30006
2022-02-20,7,2022-02-21,1,8,14287
2022-02-20,7,2022-02-22,2,8,14885
2022-02-20,7,2022-02-23,3,8,560
2022-02-20,7,2022-02-24,4,8,178
2022-02-20,7,2022-02-25,5,8,28
2022-02-20,7,2022-02-26,6,8,9
2022-02-20,7,2022-02-27,7,8,46
2022-02-20,7,2022-02-28,1,9,14
2022-02-20,7,2022-03-01,2,9,7
2022-02-20,7,2022-03-02,3,9,10
2022-02-20,7,2022-03-03,4,9,10
2022-02-21,1,2022-02-21,1,8,19254
2022-02-21,1,2022-02-22,2,8,6801
2022-02-21,1,2022-02-23,3,8,10884
2022-02-21,1,2022-02-24,4,8,164
2022-02-21,1,2022-02-25,5,8,76
2022-02-21,1,2022-02-26,6,8,17
2022-02-21,1,2022-02-28,1,9,38
2022-02-21,1,2022-03-01,2,9,44
2022-02-21,1,2022-03-02,3,9,9
2022-02-21,1,2022-03-03,4,9,10
2022-02-21,1,2022-03-04,5,9,3
2022-02-22,2,2022-02-22,2,8,35296
2022-02-22,2,2022-02-23,3,8,14635
2022-02-22,2,2022-02-24,4,8,12789
2022-02-22,2,2022-02-25,5,8,314
2022-02-22,2,2022-02-26,6,8,107
2022-02-22,2,2022-02-28,1,9,15
2022-02-22,2,2022-03-01,2,9,51
2022-02-22,2,2022-03-02,3,9,32
2022-02-22,2,2022-03-03,4,9,16
2022-02-22,2,2022-03-04,5,9,11
2022-02-22,2,2022-03-05,6,9,5
2022-02-23,3,2022-02-23,3,8,33320
2022-02-23,3,2022-02-24,4,8,13112
2022-02-23,3,2022-02-25,5,8,9386
2022-02-23,3,2022-02-26,6,8,139
2022-02-23,3,2022-02-28,1,9,4
2022-02-23,3,2022-03-01,2,9,62
2022-02-23,3,2022-03-02,3,9,61
2022-02-23,3,2022-03-03,4,9,18
2022-02-23,3,2022-03-04,5,9,8
2022-02-23,3,2022-03-05,6,9,7
2022-02-23,3,2022-03-06,7,9,1
2022-02-23,3,2022-03-07,1,10,13
2022-02-24,4,2022-02-24,4,8,31002
2022-02-24,4,2022-02-25,5,8,20185
2022-02-24,4,2022-02-26,6,8,11463
2022-02-24,4,2022-02-27,7,8,35
2022-02-24,4,2022-02-28,1,9,712
2022-02-24,4,2022-03-01,2,9,440
2022-02-24,4,2022-03-02,3,9,78
2022-02-24,4,2022-03-03,4,9,75
2022-02-24,4,2022-03-04,5,9,35
2022-02-24,4,2022-03-05,6,9,22
2022-02-24,4,2022-03-07,1,10,7
2022-02-24,4,2022-03-08,2,10,1
2022-02-25,5,2022-02-25,5,8,28247
2022-02-25,5,2022-02-26,6,8,8880
2022-02-25,5,2022-02-27,7,8,24
2022-02-25,5,2022-02-28,1,9,9480
2022-02-25,5,2022-03-01,2,9,1093
2022-02-25,5,2022-03-02,3,9,240
2022-02-25,5,2022-03-03,4,9,63
2022-02-25,5,2022-03-04,5,9,80
2022-02-25,5,2022-03-05,6,9,61
2022-02-25,5,2022-03-07,1,10,19
2022-02-25,5,2022-03-08,2,10,14
2022-02-25,5,2022-03-09,3,10,2
2022-02-26,6,2022-02-26,6,8,21726
2022-02-26,6,2022-02-27,7,8,233
2022-02-26,6,2022-02-28,1,9,16685
2022-02-26,6,2022-03-01,2,9,1171
2022-02-26,6,2022-03-02,3,9,260
2022-02-26,6,2022-03-03,4,9,84
2022-02-26,6,2022-03-04,5,9,7
2022-02-26,6,2022-03-05,6,9,13
2022-02-26,6,2022-03-07,1,10,4
2022-02-26,6,2022-03-08,2,10,5
2022-02-26,6,2022-03-09,3,10,30
2022-02-26,6,2022-03-10,4,10,2
2022-02-27,7,2022-02-27,7,8,27808
2022-02-27,7,2022-02-28,1,9,3859
2022-02-27,7,2022-03-01,2,9,19671
2022-02-27,7,2022-03-02,3,9,454
2022-02-27,7,2022-03-03,4,9,158
2022-02-27,7,2022-03-04,5,9,23
2022-02-27,7,2022-03-05,6,9,47
2022-02-27,7,2022-03-06,7,9,3
2022-02-27,7,2022-03-07,1,10,25
2022-02-27,7,2022-03-08,2,10,3
2022-02-27,7,2022-03-09,3,10,6
2022-02-27,7,2022-03-10,4,10,1
2022-02-28,1,2022-02-28,1,9,25533
2022-02-28,1,2022-03-01,2,9,17517
2022-02-28,1,2022-03-02,3,9,13168
2022-02-28,1,2022-03-03,4,9,277
2022-02-28,1,2022-03-04,5,9,91
2022-02-28,1,2022-03-05,6,9,121
2022-02-28,1,2022-03-07,1,10,52
2022-02-28,1,2022-03-08,2,10,19
2022-02-28,1,2022-03-09,3,10,14
2022-02-28,1,2022-03-10,4,10,7
2022-02-28,1,2022-03-11,5,10,12
2022-02-28,1,2022-03-23,3,12,1
2022-03-01,2,2022-03-01,2,9,30222
2022-03-01,2,2022-03-02,3,9,13614
2022-03-01,2,2022-03-03,4,9,11964
2022-03-01,2,2022-03-04,5,9,124
2022-03-01,2,2022-03-05,6,9,151
2022-03-01,2,2022-03-07,1,10,48
2022-03-01,2,2022-03-08,2,10,92
2022-03-01,2,2022-03-09,3,10,33
2022-03-01,2,2022-03-10,4,10,13
2022-03-01,2,2022-03-11,5,10,1
2022-03-01,2,2022-03-12,6,10,18
2022-03-01,2,2022-03-16,3,11,1
2022-03-02,3,2022-03-02,3,9,36645
2022-03-02,3,2022-03-03,4,9,21801
2022-03-02,3,2022-03-04,5,9,7792
2022-03-02,3,2022-03-05,6,9,2909
2022-03-02,3,2022-03-07,1,10,93
2022-03-02,3,2022-03-08,2,10,44
2022-03-02,3,2022-03-09,3,10,78
2022-03-02,3,2022-03-10,4,10,26
2022-03-02,3,2022-03-11,5,10,11
2022-03-02,3,2022-03-12,6,10,3
2022-03-02,3,2022-03-14,1,11,4
2022-03-02,3,2022-03-15,2,11,25
2022-03-03,4,2022-03-03,4,9,34232
2022-03-03,4,2022-03-04,5,9,10652
2022-03-03,4,2022-03-05,6,9,15533
2022-03-03,4,2022-03-06,7,9,20
2022-03-03,4,2022-03-07,1,10,817
2022-03-03,4,2022-03-08,2,10,251
2022-03-03,4,2022-03-09,3,10,95
2022-03-03,4,2022-03-10,4,10,73
2022-03-03,4,2022-03-11,5,10,11
2022-03-03,4,2022-03-12,6,10,13
2022-03-03,4,2022-03-15,2,11,18
2022-03-03,4,2022-03-16,3,11,15
2022-03-04,5,2022-03-04,5,9,35276
2022-03-04,5,2022-03-05,6,9,7871
2022-03-04,5,2022-03-06,7,9,3
2022-03-04,5,2022-03-07,1,10,10752
2022-03-04,5,2022-03-08,2,10,1502
2022-03-04,5,2022-03-09,3,10,130
2022-03-04,5,2022-03-10,4,10,29
2022-03-04,5,2022-03-11,5,10,37
2022-03-04,5,2022-03-12,6,10,14
2022-03-04,5,2022-03-15,2,11,20
2022-03-04,5,2022-03-16,3,11,4
2022-03-04,5,2022-03-17,4,11,33
2022-03-04,5,2022-03-29,2,13,1
2022-03-05,6,2022-03-05,6,9,21101
2022-03-05,6,2022-03-06,7,9,181
2022-03-05,6,2022-03-07,1,10,17499
2022-03-05,6,2022-03-08,2,10,3084
2022-03-05,6,2022-03-09,3,10,339
2022-03-05,6,2022-03-10,4,10,35
2022-03-05,6,2022-03-11,5,10,43
2022-03-05,6,2022-03-12,6,10,33
2022-03-05,6,2022-03-15,2,11,4
2022-03-05,6,2022-03-16,3,11,2
2022-03-06,7,2022-03-06,7,9,32161
2022-03-06,7,2022-03-07,1,10,5608
2022-03-06,7,2022-03-08,2,10,12116
2022-03-06,7,2022-03-09,3,10,686
2022-03-06,7,2022-03-10,4,10,55
2022-03-06,7,2022-03-11,5,10,9
2022-03-06,7,2022-03-12,6,10,15
2022-03-06,7,2022-03-13,7,10,11
2022-03-06,7,2022-03-15,2,11,12
2022-03-07,1,2022-03-07,1,10,24328
2022-03-07,1,2022-03-08,2,10,8384
2022-03-07,1,2022-03-09,3,10,11941
2022-03-07,1,2022-03-10,4,10,204
2022-03-07,1,2022-03-11,5,10,133
2022-03-07,1,2022-03-12,6,10,24
2022-03-07,1,2022-03-14,1,11,46
2022-03-07,1,2022-03-15,2,11,16
2022-03-07,1,2022-03-16,3,11,42
2022-03-07,1,2022-03-17,4,11,1
2022-03-07,1,2022-03-29,2,13,1
2022-03-08,2,2022-03-08,2,10,30745
2022-03-08,2,2022-03-09,3,10,11284
2022-03-08,2,2022-03-10,4,10,13036
2022-03-08,2,2022-03-11,5,10,284
2022-03-08,2,2022-03-12,6,10,112
2022-03-08,2,2022-03-14,1,11,15
2022-03-08,2,2022-03-15,2,11,34
2022-03-08,2,2022-03-16,3,11,10
2022-03-08,2,2022-03-17,4,11,15
2022-03-08,2,2022-03-18,5,11,11
2022-03-08,2,2022-03-19,6,11,4
2022-03-08,2,2022-03-21,1,12,12
2022-03-09,3,2022-03-09,3,10,37050
2022-03-09,3,2022-03-10,4,10,19589
2022-03-09,3,2022-03-11,5,10,13392
2022-03-09,3,2022-03-12,6,10,314
2022-03-09,3,2022-03-14,1,11,211
2022-03-09,3,2022-03-15,2,11,58
2022-03-09,3,2022-03-16,3,11,127
2022-03-09,3,2022-03-17,4,11,30
2022-03-09,3,2022-03-18,5,11,22
2022-03-09,3,2022-03-19,6,11,5
2022-03-09,3,2022-03-23,3,12,1
2022-03-10,4,2022-03-10,4,10,34028
2022-03-10,4,2022-03-11,5,10,12563
2022-03-10,4,2022-03-12,6,10,7731
2022-03-10,4,2022-03-13,7,10,1
2022-03-10,4,2022-03-14,1,11,379
2022-03-10,4,2022-03-15,2,11,343
2022-03-10,4,2022-03-16,3,11,46
2022-03-10,4,2022-03-17,4,11,20
2022-03-10,4,2022-03-18,5,11,86
2022-03-10,4,2022-03-19,6,11,23
2022-03-10,4,2022-03-21,1,12,4
2022-03-10,4,2022-03-22,2,12,9
2022-03-11,5,2022-03-11,5,10,33824
2022-03-11,5,2022-03-12,6,10,11789
2022-03-11,5,2022-03-13,7,10,3
2022-03-11,5,2022-03-14,1,11,14509
2022-03-11,5,2022-03-15,2,11,1643
2022-03-11,5,2022-03-16,3,11,226
2022-03-11,5,2022-03-17,4,11,146
2022-03-11,5,2022-03-18,5,11,53
2022-03-11,5,2022-03-19,6,11,35
2022-03-11,5,2022-03-21,1,12,2
2022-03-11,5,2022-03-22,2,12,12
2022-03-11,5,2022-03-23,3,12,46
2022-03-12,6,2022-03-12,6,10,29237
2022-03-12,6,2022-03-13,7,10,246
2022-03-12,6,2022-03-14,1,11,22792
2022-03-12,6,2022-03-15,2,11,2792
2022-03-12,6,2022-03-16,3,11,506
2022-03-12,6,2022-03-17,4,11,133
2022-03-12,6,2022-03-18,5,11,48
2022-03-12,6,2022-03-19,6,11,33
2022-03-12,6,2022-03-21,1,12,13
2022-03-12,6,2022-03-22,2,12,6
2022-03-12,6,2022-03-23,3,12,38
2022-03-13,7,2022-03-13,7,10,35287
2022-03-13,7,2022-03-14,1,11,14823
2022-03-13,7,2022-03-15,2,11,27554
2022-03-13,7,2022-03-16,3,11,984
2022-03-13,7,2022-03-17,4,11,292
2022-03-13,7,2022-03-18,5,11,157
2022-03-13,7,2022-03-19,6,11,41
2022-03-13,7,2022-03-20,7,11,486
2022-03-13,7,2022-03-21,1,12,336
2022-03-13,7,2022-03-22,2,12,33
2022-03-13,7,2022-03-23,3,12,30
2022-03-13,7,2022-03-24,4,12,23
2022-03-14,1,2022-03-14,1,11,31975
2022-03-14,1,2022-03-15,2,11,15502
2022-03-14,1,2022-03-16,3,11,15685
2022-03-14,1,2022-03-17,4,11,622
2022-03-14,1,2022-03-18,5,11,130
2022-03-14,1,2022-03-19,6,11,88
2022-03-14,1,2022-03-21,1,12,139
2022-03-14,1,2022-03-22,2,12,17
2022-03-14,1,2022-03-23,3,12,23
2022-03-14,1,2022-03-24,4,12,5
2022-03-14,1,2022-03-25,5,12,3
2022-03-15,2,2022-03-15,2,11,34366
2022-03-15,2,2022-03-16,3,11,9942
2022-03-15,2,2022-03-17,4,11,15883
2022-03-15,2,2022-03-18,5,11,468
2022-03-15,2,2022-03-19,6,11,32
2022-03-15,2,2022-03-21,1,12,68
2022-03-15,2,2022-03-22,2,12,36
2022-03-15,2,2022-03-23,3,12,118
2022-03-15,2,2022-03-24,4,12,11
2022-03-15,2,2022-03-25,5,12,10
2022-03-15,2,2022-03-26,6,12,1
2022-03-16,3,2022-03-16,3,11,34472
2022-03-16,3,2022-03-17,4,11,14601
2022-03-16,3,2022-03-18,5,11,13153
2022-03-16,3,2022-03-19,6,11,229
2022-03-16,3,2022-03-21,1,12,79
2022-03-16,3,2022-03-22,2,12,45
2022-03-16,3,2022-03-23,3,12,29
2022-03-16,3,2022-03-24,4,12,52
2022-03-16,3,2022-03-25,5,12,9
2022-03-16,3,2022-03-26,6,12,23
2022-03-17,4,2022-03-17,4,11,36966
2022-03-17,4,2022-03-18,5,11,16977
2022-03-17,4,2022-03-19,6,11,12200
2022-03-17,4,2022-03-20,7,11,47
2022-03-17,4,2022-03-21,1,12,1229
2022-03-17,4,2022-03-22,2,12,422
2022-03-17,4,2022-03-23,3,12,74
2022-03-17,4,2022-03-24,4,12,49
2022-03-17,4,2022-03-25,5,12,152
2022-03-17,4,2022-03-26,6,12,23
2022-03-17,4,2022-03-28,1,13,20
2022-03-17,4,2022-03-29,2,13,6
2022-03-18,5,2022-03-18,5,11,28632
2022-03-18,5,2022-03-19,6,11,9323
2022-03-18,5,2022-03-20,7,11,5
2022-03-18,5,2022-03-21,1,12,16620
2022-03-18,5,2022-03-22,2,12,1240
2022-03-18,5,2022-03-23,3,12,360
2022-03-18,5,2022-03-24,4,12,43
2022-03-18,5,2022-03-25,5,12,159
2022-03-18,5,2022-03-26,6,12,21
2022-03-18,5,2022-03-29,2,13,18
2022-03-18,5,2022-03-30,3,13,16
2022-03-18,5,2022-04-01,5,13,1
2022-03-19,6,2022-03-19,6,11,23736
2022-03-19,6,2022-03-20,7,11,177
2022-03-19,6,2022-03-21,1,12,22654
2022-03-19,6,2022-03-22,2,12,2485
2022-03-19,6,2022-03-23,3,12,353
2022-03-19,6,2022-03-24,4,12,63
2022-03-19,6,2022-03-25,5,12,8
2022-03-19,6,2022-03-26,6,12,25
2022-03-19,6,2022-03-28,1,13,7
2022-03-19,6,2022-03-29,2,13,16
2022-03-19,6,2022-03-30,3,13,9
2022-03-20,7,2022-03-20,7,11,32165
2022-03-20,7,2022-03-21,1,12,5923
2022-03-20,7,2022-03-22,2,12,15458
2022-03-20,7,2022-03-23,3,12,611
2022-03-20,7,2022-03-24,4,12,63
2022-03-20,7,2022-03-25,5,12,26
2022-03-20,7,2022-03-26,6,12,5
2022-03-20,7,2022-03-28,1,13,25
2022-03-20,7,2022-03-29,2,13,9
2022-03-20,7,2022-03-30,3,13,10
2022-03-21,1,2022-03-21,1,12,28401
2022-03-21,1,2022-03-22,2,12,18713
2022-03-21,1,2022-03-23,3,12,12558
2022-03-21,1,2022-03-24,4,12,320
2022-03-21,1,2022-03-25,5,12,69
2022-03-21,1,2022-03-26,6,12,23
2022-03-21,1,2022-03-28,1,13,16
2022-03-21,1,2022-03-29,2,13,10
2022-03-21,1,2022-03-30,3,13,2
2022-03-21,1,2022-03-31,4,13,8
2022-03-21,1,2022-04-01,5,13,9
2022-03-21,1,2022-04-02,6,13,7
2022-03-22,2,2022-03-22,2,12,31248
2022-03-22,2,2022-03-23,3,12,7109
2022-03-22,2,2022-03-24,4,12,15131
2022-03-22,2,2022-03-25,5,12,406
2022-03-22,2,2022-03-26,6,12,54
2022-03-22,2,2022-03-28,1,13,36
2022-03-22,2,2022-03-29,2,13,20
2022-03-22,2,2022-03-30,3,13,15
2022-03-22,2,2022-03-31,4,13,15
2022-03-22,2,2022-04-01,5,13,11
2022-03-22,2,2022-04-02,6,13,13
2022-03-22,2,2022-04-08,5,14,1
2022-03-23,3,2022-03-23,3,12,32544
2022-03-23,3,2022-03-24,4,12,7885
2022-03-23,3,2022-03-25,5,12,18769
2022-03-23,3,2022-03-26,6,12,535
2022-03-23,3,2022-03-28,1,13,57
2022-03-23,3,2022-03-29,2,13,26
2022-03-23,3,2022-03-30,3,13,20
2022-03-23,3,2022-03-31,4,13,11
2022-03-23,3,2022-04-01,5,13,13
2022-03-23,3,2022-04-02,6,13,6
2022-03-23,3,2022-04-09,6,14,1
2022-03-24,4,2022-03-24,4,12,33413
2022-03-24,4,2022-03-25,5,12,19743
2022-03-24,4,2022-03-26,6,12,14810
2022-03-24,4,2022-03-27,7,12,34
2022-03-24,4,2022-03-28,1,13,2413
2022-03-24,4,2022-03-29,2,13,749
2022-03-24,4,2022-03-30,3,13,94
2022-03-24,4,2022-03-31,4,13,27
2022-03-24,4,2022-04-01,5,13,81
2022-03-24,4,2022-04-02,6,13,28
2022-03-24,4,2022-04-04,1,14,18
2022-03-24,4,2022-04-05,2,14,3
2022-03-24,4,2022-04-06,3,14,5
2022-03-25,5,2022-03-25,5,12,29460
2022-03-25,5,2022-03-26,6,12,6066
2022-03-25,5,2022-03-27,7,12,2
2022-03-25,5,2022-03-28,1,13,13206
2022-03-25,5,2022-03-29,2,13,1050
2022-03-25,5,2022-03-30,3,13,86
2022-03-25,5,2022-04-01,5,13,28
2022-03-25,5,2022-04-02,6,13,30
2022-03-25,5,2022-04-04,1,14,78
2022-03-25,5,2022-04-05,2,14,5
2022-03-25,5,2022-04-06,3,14,6
2022-03-26,6,2022-03-26,6,12,22058
2022-03-26,6,2022-03-27,7,12,189
2022-03-26,6,2022-03-28,1,13,23995
2022-03-26,6,2022-03-29,2,13,4100
2022-03-26,6,2022-03-30,3,13,248
2022-03-26,6,2022-03-31,4,13,53
2022-03-26,6,2022-04-01,5,13,44
2022-03-26,6,2022-04-02,6,13,113
2022-03-26,6,2022-04-04,1,14,35
2022-03-26,6,2022-04-05,2,14,3
2022-03-26,6,2022-04-06,3,14,7
2022-03-27,7,2022-03-27,7,12,27913
2022-03-27,7,2022-03-28,1,13,7823
2022-03-27,7,2022-03-29,2,13,26000
2022-03-27,7,2022-03-30,3,13,1255
2022-03-27,7,2022-03-31,4,13,69
2022-03-27,7,2022-04-01,5,13,82
2022-03-27,7,2022-04-02,6,13,26
2022-03-27,7,2022-04-04,1,14,329
2022-03-27,7,2022-04-05,2,14,14
2022-03-27,7,2022-04-06,3,14,33
2022-03-28,1,2022-03-28,1,13,28015
2022-03-28,1,2022-03-29,2,13,12059
2022-03-28,1,2022-03-30,3,13,31278
2022-03-28,1,2022-03-31,4,13,554
2022-03-28,1,2022-04-01,5,13,82
2022-03-28,1,2022-04-02,6,13,67
2022-03-28,1,2022-04-04,1,14,114
2022-03-28,1,2022-04-05,2,14,25
2022-03-28,1,2022-04-06,3,14,20
2022-03-28,1,2022-04-07,4,14,17
2022-03-28,1,2022-04-08,5,14,9
2022-03-29,2,2022-03-29,2,13,37126
2022-03-29,2,2022-03-30,3,13,18421
2022-03-29,2,2022-03-31,4,13,17972
2022-03-29,2,2022-04-01,5,13,331
2022-03-29,2,2022-04-02,6,13,194
2022-03-29,2,2022-04-04,1,14,56
2022-03-29,2,2022-04-05,2,14,103
2022-03-29,2,2022-04-06,3,14,34
2022-03-29,2,2022-04-07,4,14,10
2022-03-29,2,2022-04-08,5,14,49
2022-03-29,2,2022-04-09,6,14,6
2022-03-30,3,2022-03-30,3,13,39763
2022-03-30,3,2022-03-31,4,13,10971
2022-03-30,3,2022-04-01,5,13,28578
2022-03-30,3,2022-04-02,6,13,405
2022-03-30,3,2022-04-04,1,14,149
2022-03-30,3,2022-04-05,2,14,26
2022-03-30,3,2022-04-06,3,14,130
2022-03-30,3,2022-04-07,4,14,53
2022-03-30,3,2022-04-08,5,14,35
2022-03-30,3,2022-04-09,6,14,11
2022-03-30,3,2022-04-11,1,15,39
2022-03-31,4,2022-03-31,4,13,47516
2022-03-31,4,2022-04-01,5,13,28273
2022-03-31,4,2022-04-02,6,13,25258
2022-03-31,4,2022-04-03,7,13,4
2022-03-31,4,2022-04-04,1,14,2490
2022-03-31,4,2022-04-05,2,14,409
2022-03-31,4,2022-04-06,3,14,160
2022-03-31,4,2022-04-07,4,14,71
2022-03-31,4,2022-04-08,5,14,24
2022-03-31,4,2022-04-09,6,14,22
2022-03-31,4,2022-04-11,1,15,19
2022-03-31,4,2022-04-12,2,15,11
2022-03-31,4,2022-04-13,3,15,4
2022-04-01,5,2022-04-01,5,13,38471
2022-04-01,5,2022-04-02,6,13,8512
2022-04-01,5,2022-04-03,7,13,23
2022-04-01,5,2022-04-04,1,14,17056
2022-04-01,5,2022-04-05,2,14,682
2022-04-01,5,2022-04-06,3,14,70
2022-04-01,5,2022-04-07,4,14,24
2022-04-01,5,2022-04-08,5,14,66
2022-04-01,5,2022-04-09,6,14,21
2022-04-01,5,2022-04-12,2,15,11
2022-04-02,6,2022-04-02,6,13,32288
2022-04-02,6,2022-04-03,7,13,311
2022-04-02,6,2022-04-04,1,14,23000
2022-04-02,6,2022-04-05,2,14,2052
2022-04-02,6,2022-04-06,3,14,245
2022-04-02,6,2022-04-07,4,14,82
2022-04-02,6,2022-04-08,5,14,32
2022-04-02,6,2022-04-09,6,14,58
2022-04-02,6,2022-04-11,1,15,6
2022-04-02,6,2022-04-12,2,15,4
2022-04-02,6,2022-04-14,4,15,15
2022-04-03,7,2022-04-03,7,13,33753
2022-04-03,7,2022-04-04,1,14,12681
2022-04-03,7,2022-04-05,2,14,29165
2022-04-03,7,2022-04-06,3,14,1589
2022-04-03,7,2022-04-07,4,14,250
2022-04-03,7,2022-04-08,5,14,78
2022-04-03,7,2022-04-09,6,14,43
2022-04-03,7,2022-04-11,1,15,62
2022-04-03,7,2022-04-12,2,15,31
2022-04-03,7,2022-04-13,3,15,14
2022-04-03,7,2022-04-14,4,15,14
2022-04-03,7,2022-04-20,3,16,1
2022-04-04,1,2022-04-04,1,14,37097
2022-04-04,1,2022-04-05,2,14,12179
2022-04-04,1,2022-04-06,3,14,19716
2022-04-04,1,2022-04-07,4,14,584
2022-04-04,1,2022-04-08,5,14,86
2022-04-04,1,2022-04-09,6,14,25
2022-04-04,1,2022-04-11,1,15,71
2022-04-04,1,2022-04-12,2,15,33
2022-04-04,1,2022-04-13,3,15,40
2022-04-04,1,2022-04-14,4,15,7
2022-04-05,2,2022-04-05,2,14,40494
2022-04-05,2,2022-04-06,3,14,11362
2022-04-05,2,2022-04-07,4,14,12577
2022-04-05,2,2022-04-08,5,14,227
2022-04-05,2,2022-04-09,6,14,99
2022-04-05,2,2022-04-10,7,14,2
2022-04-05,2,2022-04-11,1,15,50
2022-04-05,2,2022-04-12,2,15,88
2022-04-05,2,2022-04-13,3,15,74
2022-04-05,2,2022-04-14,4,15,27
2022-04-05,2,2022-04-15,5,15,1
2022-04-05,2,2022-04-16,6,15,2
2022-04-06,3,2022-04-06,3,14,42207
2022-04-06,3,2022-04-07,4,14,23613
2022-04-06,3,2022-04-08,5,14,17256
2022-04-06,3,2022-04-09,6,14,224
2022-04-06,3,2022-04-11,1,15,108
2022-04-06,3,2022-04-12,2,15,114
2022-04-06,3,2022-04-13,3,15,91
2022-04-06,3,2022-04-14,4,15,55
2022-04-06,3,2022-04-15,5,15,5
2022-04-07,4,2022-04-07,4,14,40392
2022-04-07,4,2022-04-08,5,14,15318
2022-04-07,4,2022-04-09,6,14,14456
2022-04-07,4,2022-04-11,1,15,576
2022-04-07,4,2022-04-12,2,15,473
2022-04-07,4,2022-04-13,3,15,233
2022-04-07,4,2022-04-14,4,15,68
2022-04-07,4,2022-04-15,5,15,18
2022-04-07,4,2022-04-19,2,16,16
2022-04-07,4,2022-04-22,5,16,4
2022-04-08,5,2022-04-08,5,14,37521
2022-04-08,5,2022-04-09,6,14,11370
2022-04-08,5,2022-04-10,7,14,121
2022-04-08,5,2022-04-11,1,15,11223
2022-04-08,5,2022-04-12,2,15,1923
2022-04-08,5,2022-04-13,3,15,137
2022-04-08,5,2022-04-14,4,15,38
2022-04-08,5,2022-04-15,5,15,37
2022-04-08,5,2022-04-16,6,15,23
2022-04-08,5,2022-04-19,2,16,1
2022-04-08,5,2022-04-20,3,16,12
2022-04-08,5,2022-04-21,4,16,5
2022-04-09,6,2022-04-09,6,14,38511
2022-04-09,6,2022-04-10,7,14,332
2022-04-09,6,2022-04-11,1,15,36562
2022-04-09,6,2022-04-12,2,15,3712
2022-04-09,6,2022-04-13,3,15,406
2022-04-09,6,2022-04-14,4,15,91
2022-04-09,6,2022-04-15,5,15,17
2022-04-09,6,2022-04-16,6,15,20
2022-04-09,6,2022-04-17,7,15,16
2022-04-09,6,2022-04-19,2,16,36
2022-04-09,6,2022-04-20,3,16,15
2022-04-10,7,2022-04-10,7,14,50287
2022-04-10,7,2022-04-11,1,15,18870
2022-04-10,7,2022-04-12,2,15,21773
2022-04-10,7,2022-04-13,3,15,1364
2022-04-10,7,2022-04-14,4,15,278
2022-04-10,7,2022-04-15,5,15,26
2022-04-10,7,2022-04-16,6,15,41
2022-04-10,7,2022-04-17,7,15,72
2022-04-10,7,2022-04-18,1,16,52
2022-04-10,7,2022-04-20,3,16,50
2022-04-10,7,2022-04-21,4,16,68
2022-04-11,1,2022-04-11,1,15,41218
2022-04-11,1,2022-04-12,2,15,14832
2022-04-11,1,2022-04-13,3,15,26344
2022-04-11,1,2022-04-14,4,15,935
2022-04-11,1,2022-04-15,5,15,36
2022-04-11,1,2022-04-16,6,15,138
2022-04-11,1,2022-04-18,1,16,45
2022-04-11,1,2022-04-19,2,16,26
2022-04-11,1,2022-04-20,3,16,102
2022-04-11,1,2022-04-21,4,16,91
2022-04-11,1,2022-04-22,5,16,61
2022-04-12,2,2022-04-12,2,15,50091
2022-04-12,2,2022-04-13,3,15,22429
2022-04-12,2,2022-04-14,4,15,15764
2022-04-12,2,2022-04-15,5,15,80
2022-04-12,2,2022-04-16,6,15,303
2022-04-12,2,2022-04-19,2,16,120
2022-04-12,2,2022-04-20,3,16,146
2022-04-12,2,2022-04-21,4,16,105
2022-04-12,2,2022-04-22,5,16,14
2022-04-12,2,2022-04-23,6,16,12
2022-04-13,3,2022-04-13,3,15,43616
2022-04-13,3,2022-04-14,4,15,7562
2022-04-13,3,2022-04-15,5,15,213
2022-04-13,3,2022-04-16,6,15,11902
2022-04-13,3,2022-04-17,7,15,19
2022-04-13,3,2022-04-19,2,16,413
2022-04-13,3,2022-04-20,3,16,431
2022-04-13,3,2022-04-21,4,16,149
2022-04-13,3,2022-04-22,5,16,43
2022-04-13,3,2022-04-23,6,16,8
2022-04-14,4,2022-04-14,4,15,29876
2022-04-14,4,2022-04-15,5,15,4517
2022-04-14,4,2022-04-16,6,15,10822
2022-04-14,4,2022-04-18,1,16,7
2022-04-14,4,2022-04-19,2,16,9685
2022-04-14,4,2022-04-20,3,16,870
2022-04-14,4,2022-04-21,4,16,284
2022-04-14,4,2022-04-22,5,16,83
2022-04-14,4,2022-04-23,6,16,5
2022-04-14,4,2022-04-25,1,17,33
2022-04-14,4,2022-04-26,2,17,14
2022-04-14,4,2022-04-27,3,17,9
2022-04-15,5,2022-04-15,5,15,15015
2022-04-15,5,2022-04-16,6,15,9327
2022-04-15,5,2022-04-17,7,15,6
2022-04-15,5,2022-04-18,1,16,2
2022-04-15,5,2022-04-19,2,16,9185
2022-04-15,5,2022-04-20,3,16,9854
2022-04-15,5,2022-04-21,4,16,247
2022-04-15,5,2022-04-22,5,16,79
2022-04-15,5,2022-04-23,6,16,11
2022-04-15,5,2022-04-25,1,17,29
2022-04-15,5,2022-04-26,2,17,7
2022-04-15,5,2022-04-27,3,17,2
2022-04-15,5,2022-04-28,4,17,4
2022-04-16,6,2022-04-16,6,15,13732
2022-04-16,6,2022-04-17,7,15,3347
2022-04-16,6,2022-04-18,1,16,1
2022-04-16,6,2022-04-19,2,16,4811
2022-04-16,6,2022-04-20,3,16,8603
2022-04-16,6,2022-04-21,4,16,602
2022-04-16,6,2022-04-22,5,16,80
2022-04-16,6,2022-04-23,6,16,48
2022-04-16,6,2022-04-24,7,16,24
2022-04-16,6,2022-04-26,2,17,8
2022-04-16,6,2022-04-27,3,17,9
2022-04-16,6,2022-04-28,4,17,10
2022-04-17,7,2022-04-17,7,15,16501
2022-04-17,7,2022-04-18,1,16,4913
2022-04-17,7,2022-04-19,2,16,5238
2022-04-17,7,2022-04-20,3,16,10445
2022-04-17,7,2022-04-21,4,16,1066
2022-04-17,7,2022-04-22,5,16,247
2022-04-17,7,2022-04-23,6,16,22
2022-04-17,7,2022-04-24,7,16,35
2022-04-17,7,2022-04-25,1,17,32
2022-04-17,7,2022-04-26,2,17,6
2022-04-17,7,2022-04-27,3,17,2
2022-04-18,1,2022-04-18,1,16,18376
2022-04-18,1,2022-04-19,2,16,9634
2022-04-18,1,2022-04-20,3,16,21127
2022-04-18,1,2022-04-21,4,16,2496
2022-04-18,1,2022-04-22,5,16,110
2022-04-18,1,2022-04-23,6,16,18
2022-04-18,1,2022-04-25,1,17,183
2022-04-18,1,2022-04-26,2,17,40
2022-04-18,1,2022-04-27,3,17,11
2022-04-18,1,2022-04-28,4,17,5
2022-04-18,1,2022-04-30,6,17,3
2022-04-19,2,2022-04-19,2,16,27406
2022-04-19,2,2022-04-20,3,16,20900
2022-04-19,2,2022-04-21,4,16,28640
2022-04-19,2,2022-04-22,5,16,2011
2022-04-19,2,2022-04-23,6,16,95
2022-04-19,2,2022-04-25,1,17,71
2022-04-19,2,2022-04-26,2,17,151
2022-04-19,2,2022-04-27,3,17,71
2022-04-19,2,2022-04-28,4,17,3
2022-04-19,2,2022-04-29,5,17,9
2022-04-19,2,2022-04-30,6,17,4
2022-04-20,3,2022-04-20,3,16,35714
2022-04-20,3,2022-04-21,4,16,30248
2022-04-20,3,2022-04-22,5,16,35122
2022-04-20,3,2022-04-23,6,16,1477
2022-04-20,3,2022-04-25,1,17,249
2022-04-20,3,2022-04-26,2,17,121
2022-04-20,3,2022-04-27,3,17,281
2022-04-20,3,2022-04-28,4,17,107
2022-04-20,3,2022-04-29,5,17,44
2022-04-20,3,2022-04-30,6,17,7
2022-04-20,3,2022-05-02,1,18,11
2022-04-20,3,2022-05-14,6,19,1
2022-04-21,4,2022-04-21,4,16,32630
2022-04-21,4,2022-04-22,5,16,28269
2022-04-21,4,2022-04-23,6,16,16843
2022-04-21,4,2022-04-24,7,16,22
2022-04-21,4,2022-04-25,1,17,2060
2022-04-21,4,2022-04-26,2,17,581
2022-04-21,4,2022-04-27,3,17,145
2022-04-21,4,2022-04-28,4,17,102
2022-04-21,4,2022-04-29,5,17,78
2022-04-21,4,2022-04-30,6,17,29
2022-04-21,4,2022-05-02,1,18,3
2022-04-21,4,2022-05-03,2,18,11
2022-04-21,4,2022-05-04,3,18,11
2022-04-21,4,2022-05-05,4,18,1
2022-04-21,4,2022-05-17,2,20,3
2022-04-22,5,2022-04-22,5,16,28451
2022-04-22,5,2022-04-23,6,16,15929
2022-04-22,5,2022-04-24,7,16,41
2022-04-22,5,2022-04-25,1,17,26413
2022-04-22,5,2022-04-26,2,17,2065
2022-04-22,5,2022-04-27,3,17,193
2022-04-22,5,2022-04-28,4,17,126
2022-04-22,5,2022-04-29,5,17,93
2022-04-22,5,2022-04-30,6,17,75
2022-04-22,5,2022-05-02,1,18,28
2022-04-22,5,2022-05-03,2,18,13
2022-04-22,5,2022-05-04,3,18,42
2022-04-22,5,2022-05-05,4,18,1
2022-04-23,6,2022-04-23,6,16,19497
2022-04-23,6,2022-04-24,7,16,4654
2022-04-23,6,2022-04-25,1,17,15264
2022-04-23,6,2022-04-26,2,17,7259
2022-04-23,6,2022-04-27,3,17,1624
2022-04-23,6,2022-04-28,4,17,27
2022-04-23,6,2022-04-29,5,17,25
2022-04-23,6,2022-04-30,6,17,50
2022-04-23,6,2022-05-01,7,17,25
2022-04-23,6,2022-05-02,1,18,3
2022-04-23,6,2022-05-03,2,18,32
2022-04-23,6,2022-05-04,3,18,8
2022-04-23,6,2022-05-07,6,18,2
2022-04-24,7,2022-04-24,7,16,31374
2022-04-24,7,2022-04-25,1,17,14277
2022-04-24,7,2022-04-26,2,17,36826
2022-04-24,7,2022-04-27,3,17,3891
2022-04-24,7,2022-04-28,4,17,187
2022-04-24,7,2022-04-29,5,17,101
2022-04-24,7,2022-04-30,6,17,54
2022-04-24,7,2022-05-01,7,17,109
2022-04-24,7,2022-05-02,1,18,79
2022-04-24,7,2022-05-03,2,18,112
2022-04-24,7,2022-05-04,3,18,22
2022-04-24,7,2022-05-05,4,18,31
2022-04-25,1,2022-04-25,1,17,34868
2022-04-25,1,2022-04-26,2,17,24467
2022-04-25,1,2022-04-27,3,17,27033
2022-04-25,1,2022-04-28,4,17,2344
2022-04-25,1,2022-04-29,5,17,723
2022-04-25,1,2022-04-30,6,17,103
2022-04-25,1,2022-05-01,7,17,1
2022-04-25,1,2022-05-02,1,18,41
2022-04-25,1,2022-05-03,2,18,65
2022-04-25,1,2022-05-04,3,18,36
2022-04-25,1,2022-05-05,4,18,62
2022-04-25,1,2022-05-06,5,18,12
2022-04-26,2,2022-04-26,2,17,38744
2022-04-26,2,2022-04-27,3,17,17251
2022-04-26,2,2022-04-28,4,17,24004
2022-04-26,2,2022-04-29,5,17,3440
2022-04-26,2,2022-04-30,6,17,755
2022-04-26,2,2022-05-02,1,18,98
2022-04-26,2,2022-05-03,2,18,120
2022-04-26,2,2022-05-04,3,18,27
2022-04-26,2,2022-05-05,4,18,120
2022-04-26,2,2022-05-06,5,18,24
2022-04-26,2,2022-05-07,6,18,3
2022-04-26,2,2022-05-08,7,18,1
2022-04-26,2,2022-05-09,1,19,19
2022-04-27,3,2022-04-27,3,17,32445
2022-04-27,3,2022-04-28,4,17,19987
2022-04-27,3,2022-04-29,5,17,32103
2022-04-27,3,2022-04-30,6,17,3717
2022-04-27,3,2022-05-02,1,18,472
2022-04-27,3,2022-05-03,2,18,181
2022-04-27,3,2022-05-04,3,18,173
2022-04-27,3,2022-05-05,4,18,73
2022-04-27,3,2022-05-06,5,18,19
2022-04-27,3,2022-05-07,6,18,3
2022-04-27,3,2022-05-09,1,19,29
2022-04-27,3,2022-05-16,1,20,2
2022-04-28,4,2022-04-28,4,17,35827
2022-04-28,4,2022-04-29,5,17,22745
2022-04-28,4,2022-04-30,6,17,26238
2022-04-28,4,2022-05-02,1,18,2261
2022-04-28,4,2022-05-03,2,18,943
2022-04-28,4,2022-05-04,3,18,146
2022-04-28,4,2022-05-05,4,18,138
2022-04-28,4,2022-05-06,5,18,70
2022-04-28,4,2022-05-07,6,18,14
2022-04-28,4,2022-05-09,1,19,20
2022-04-28,4,2022-05-10,2,19,8
2022-04-28,4,2022-05-11,3,19,4
2022-04-29,5,2022-04-29,5,17,32619
2022-04-29,5,2022-04-30,6,17,18459
2022-04-29,5,2022-05-01,7,17,13
2022-04-29,5,2022-05-02,1,18,16345
2022-04-29,5,2022-05-03,2,18,12924
2022-04-29,5,2022-05-04,3,18,293
2022-04-29,5,2022-05-05,4,18,318
2022-04-29,5,2022-05-06,5,18,64
2022-04-29,5,2022-05-07,6,18,102
2022-04-29,5,2022-05-09,1,19,9
2022-04-29,5,2022-05-10,2,19,17
2022-04-29,5,2022-05-11,3,19,6
2022-04-29,5,2022-05-12,4,19,49
2022-04-30,6,2022-04-30,6,17,24572
2022-04-30,6,2022-05-01,7,17,4935
2022-04-30,6,2022-05-02,1,18,10755
2022-04-30,6,2022-05-03,2,18,21215
2022-04-30,6,2022-05-04,3,18,1191
2022-04-30,6,2022-05-05,4,18,864
2022-04-30,6,2022-05-06,5,18,119
2022-04-30,6,2022-05-07,6,18,25
2022-04-30,6,2022-05-09,1,19,38
2022-04-30,6,2022-05-10,2,19,11
2022-04-30,6,2022-05-11,3,19,24
2022-05-01,7,2022-05-01,7,17,39905
2022-05-01,7,2022-05-02,1,18,17474
2022-05-01,7,2022-05-03,2,18,38497
2022-05-01,7,2022-05-04,3,18,3571
2022-05-01,7,2022-05-05,4,18,4328
2022-05-01,7,2022-05-06,5,18,196
2022-05-01,7,2022-05-07,6,18,57
2022-05-01,7,2022-05-08,7,18,18
2022-05-01,7,2022-05-09,1,19,69
2022-05-01,7,2022-05-10,2,19,32
2022-05-01,7,2022-05-11,3,19,41
2022-05-01,7,2022-05-25,3,21,12
2022-05-02,1,2022-05-02,1,18,41591
2022-05-02,1,2022-05-03,2,18,18848
2022-05-02,1,2022-05-04,3,18,24055
2022-05-02,1,2022-05-05,4,18,19487
2022-05-02,1,2022-05-06,5,18,977
2022-05-02,1,2022-05-07,6,18,50
2022-05-02,1,2022-05-09,1,19,191
2022-05-02,1,2022-05-10,2,19,98
2022-05-02,1,2022-05-11,3,19,42
2022-05-02,1,2022-05-12,4,19,12
2022-05-02,1,2022-05-13,5,19,5
2022-05-03,2,2022-05-03,2,18,40655
2022-05-03,2,2022-05-04,3,18,25568
2022-05-03,2,2022-05-05,4,18,32773
2022-05-03,2,2022-05-06,5,18,2868
2022-05-03,2,2022-05-07,6,18,95
2022-05-03,2,2022-05-09,1,19,167
2022-05-03,2,2022-05-10,2,19,138
2022-05-03,2,2022-05-11,3,19,68
2022-05-03,2,2022-05-12,4,19,22
2022-05-03,2,2022-05-13,5,19,16
2022-05-03,2,2022-05-14,6,19,16
2022-05-03,2,2022-05-17,2,20,20
2022-05-03,2,2022-05-19,4,20,1
2022-05-04,3,2022-05-04,3,18,37861
2022-05-04,3,2022-05-05,4,18,16601
2022-05-04,3,2022-05-06,5,18,25431
2022-05-04,3,2022-05-07,6,18,2971
2022-05-04,3,2022-05-09,1,19,384
2022-05-04,3,2022-05-10,2,19,280
2022-05-04,3,2022-05-11,3,19,131
2022-05-04,3,2022-05-12,4,19,61
2022-05-04,3,2022-05-13,5,19,13
2022-05-04,3,2022-05-14,6,19,7
2022-05-04,3,2022-05-16,1,20,9
2022-05-04,3,2022-05-18,3,20,12
2022-05-05,4,2022-05-05,4,18,34045
2022-05-05,4,2022-05-06,5,18,10955
2022-05-05,4,2022-05-07,6,18,11537
2022-05-05,4,2022-05-09,1,19,2357
2022-05-05,4,2022-05-10,2,19,661
2022-05-05,4,2022-05-11,3,19,210
2022-05-05,4,2022-05-12,4,19,17
2022-05-05,4,2022-05-13,5,19,38
2022-05-05,4,2022-05-14,6,19,14
2022-05-05,4,2022-05-15,7,19,2
2022-05-05,4,2022-05-16,1,20,11
2022-05-05,4,2022-05-17,2,20,1
2022-05-06,5,2022-05-06,5,18,31021
2022-05-06,5,2022-05-07,6,18,10673
2022-05-06,5,2022-05-09,1,19,12643
2022-05-06,5,2022-05-10,2,19,2671
2022-05-06,5,2022-05-11,3,19,200
2022-05-06,5,2022-05-12,4,19,96
2022-05-06,5,2022-05-13,5,19,121
2022-05-06,5,2022-05-14,6,19,47
2022-05-06,5,2022-05-16,1,20,10
2022-05-06,5,2022-05-17,2,20,11
2022-05-06,5,2022-05-18,3,20,9
2022-05-06,5,2022-05-19,4,20,5
2022-05-07,6,2022-05-07,6,18,27380
2022-05-07,6,2022-05-08,7,18,6286
2022-05-07,6,2022-05-09,1,19,11989
2022-05-07,6,2022-05-10,2,19,5694
2022-05-07,6,2022-05-11,3,19,1225
2022-05-07,6,2022-05-12,4,19,151
2022-05-07,6,2022-05-13,5,19,50
2022-05-07,6,2022-05-14,6,19,21
2022-05-07,6,2022-05-16,1,20,8
2022-05-07,6,2022-05-17,2,20,15
2022-05-07,6,2022-05-18,3,20,12
2022-05-07,6,2022-05-19,4,20,3
2022-05-07,6,2022-05-20,5,20,2
2022-05-07,6,2022-06-01,3,22,2
2022-05-08,7,2022-05-08,7,18,41899
2022-05-08,7,2022-05-09,1,19,22096
2022-05-08,7,2022-05-10,2,19,74843
2022-05-08,7,2022-05-11,3,19,12474
2022-05-08,7,2022-05-12,4,19,1250
2022-05-08,7,2022-05-13,5,19,336
2022-05-08,7,2022-05-14,6,19,64
2022-05-08,7,2022-05-15,7,19,229
2022-05-08,7,2022-05-16,1,20,161
2022-05-08,7,2022-05-17,2,20,93
2022-05-08,7,2022-05-18,3,20,104
2022-05-08,7,2022-05-19,4,20,3
2022-05-08,7,2022-05-21,6,20,6
2022-05-08,7,2022-05-24,2,21,84
2022-05-09,1,2022-05-09,1,19,29448
2022-05-09,1,2022-05-10,2,19,18807
2022-05-09,1,2022-05-11,3,19,22292
2022-05-09,1,2022-05-12,4,19,2708
2022-05-09,1,2022-05-13,5,19,179
2022-05-09,1,2022-05-14,6,19,32
2022-05-09,1,2022-05-16,1,20,38
2022-05-09,1,2022-05-17,2,20,37
2022-05-09,1,2022-05-18,3,20,34
2022-05-09,1,2022-05-19,4,20,2
2022-05-10,2,2022-05-10,2,19,36516
2022-05-10,2,2022-05-11,3,19,12590
2022-05-10,2,2022-05-12,4,19,24090
2022-05-10,2,2022-05-13,5,19,2212
2022-05-10,2,2022-05-14,6,19,68
2022-05-10,2,2022-05-16,1,20,195
2022-05-10,2,2022-05-17,2,20,182
2022-05-10,2,2022-05-18,3,20,79
2022-05-10,2,2022-05-19,4,20,18
2022-05-10,2,2022-05-20,5,20,5
2022-05-10,2,2022-05-21,6,20,5
2022-05-11,3,2022-05-11,3,19,39483
2022-05-11,3,2022-05-12,4,19,12299
2022-05-11,3,2022-05-13,5,19,19970
2022-05-11,3,2022-05-14,6,19,2223
2022-05-11,3,2022-05-16,1,20,265
2022-05-11,3,2022-05-17,2,20,381
2022-05-11,3,2022-05-18,3,20,89
2022-05-11,3,2022-05-19,4,20,25
2022-05-11,3,2022-05-20,5,20,4
2022-05-11,3,2022-05-21,6,20,10
2022-05-11,3,2022-05-22,7,20,1
2022-05-12,4,2022-05-12,4,19,33531
2022-05-12,4,2022-05-13,5,19,13942
2022-05-12,4,2022-05-14,6,19,24224
2022-05-12,4,2022-05-15,7,19,8
2022-05-12,4,2022-05-16,1,20,1701
2022-05-12,4,2022-05-17,2,20,938
2022-05-12,4,2022-05-18,3,20,117
2022-05-12,4,2022-05-19,4,20,48
2022-05-12,4,2022-05-20,5,20,42
2022-05-12,4,2022-05-21,6,20,3
2022-05-12,4,2022-05-24,2,21,6
2022-05-13,5,2022-05-13,5,19,27602
2022-05-13,5,2022-05-14,6,19,11227
2022-05-13,5,2022-05-15,7,19,5
2022-05-13,5,2022-05-16,1,20,11457
2022-05-13,5,2022-05-17,2,20,3464
2022-05-13,5,2022-05-18,3,20,341
2022-05-13,5,2022-05-19,4,20,121
2022-05-13,5,2022-05-20,5,20,21
2022-05-13,5,2022-05-21,6,20,2
2022-05-13,5,2022-05-24,2,21,16
2022-05-13,5,2022-05-25,3,21,3
2022-05-14,6,2022-05-14,6,19,19319
2022-05-14,6,2022-05-15,7,19,4298
2022-05-14,6,2022-05-16,1,20,12971
2022-05-14,6,2022-05-17,2,20,4021
2022-05-14,6,2022-05-18,3,20,1136
2022-05-14,6,2022-05-19,4,20,76
2022-05-14,6,2022-05-20,5,20,6
2022-05-14,6,2022-05-21,6,20,13
2022-05-14,6,2022-05-24,2,21,6
2022-05-14,6,2022-05-25,3,21,7
2022-05-15,7,2022-05-15,7,19,28493
2022-05-15,7,2022-05-16,1,20,15925
2022-05-15,7,2022-05-17,2,20,38444
2022-05-15,7,2022-05-18,3,20,6162
2022-05-15,7,2022-05-19,4,20,357
2022-05-15,7,2022-05-20,5,20,214
2022-05-15,7,2022-05-21,6,20,15
2022-05-15,7,2022-05-22,7,20,9
2022-05-15,7,2022-05-23,1,21,43
2022-05-15,7,2022-05-24,2,21,9
2022-05-15,7,2022-05-25,3,21,23
2022-05-16,1,2022-05-16,1,20,33380
2022-05-16,1,2022-05-17,2,20,11593
2022-05-16,1,2022-05-18,3,20,31199
2022-05-16,1,2022-05-19,4,20,3444
2022-05-16,1,2022-05-20,5,20,178
2022-05-16,1,2022-05-21,6,20,58
2022-05-16,1,2022-05-23,1,21,14
2022-05-16,1,2022-05-24,2,21,41
2022-05-16,1,2022-05-25,3,21,24
2022-05-16,1,2022-05-28,6,21,3
2022-05-17,2,2022-05-17,2,20,36032
2022-05-17,2,2022-05-18,3,20,25370
2022-05-17,2,2022-05-19,4,20,36519
2022-05-17,2,2022-05-20,5,20,2994
2022-05-17,2,2022-05-21,6,20,319
2022-05-17,2,2022-05-22,7,20,1
2022-05-17,2,2022-05-23,1,21,77
2022-05-17,2,2022-05-24,2,21,71
2022-05-17,2,2022-05-25,3,21,95
2022-05-17,2,2022-05-26,4,21,34
2022-05-17,2,2022-05-28,6,21,4
2022-05-17,2,2022-05-30,1,22,10
2022-05-17,2,2022-05-31,2,22,1
2022-05-17,2,2022-06-07,2,23,1
2022-05-18,3,2022-05-18,3,20,37816
2022-05-18,3,2022-05-19,4,20,16902
2022-05-18,3,2022-05-20,5,20,19864
2022-05-18,3,2022-05-21,6,20,2002
2022-05-18,3,2022-05-22,7,20,27
2022-05-18,3,2022-05-23,1,21,132
2022-05-18,3,2022-05-24,2,21,42
2022-05-18,3,2022-05-25,3,21,72
2022-05-18,3,2022-05-26,4,21,11
2022-05-18,3,2022-05-27,5,21,5
2022-05-18,3,2022-05-28,6,21,3
2022-05-19,4,2022-05-19,4,20,38879
2022-05-19,4,2022-05-20,5,20,13462
2022-05-19,4,2022-05-21,6,20,16152
2022-05-19,4,2022-05-22,7,20,532
2022-05-19,4,2022-05-23,1,21,2605
2022-05-19,4,2022-05-24,2,21,528
2022-05-19,4,2022-05-25,3,21,57
2022-05-19,4,2022-05-26,4,21,23
2022-05-19,4,2022-05-27,5,21,86
2022-05-19,4,2022-05-28,6,21,9
2022-05-19,4,2022-05-31,2,22,21
2022-05-19,4,2022-06-01,3,22,4
2022-05-20,5,2022-05-20,5,20,35071
2022-05-20,5,2022-05-21,6,20,11507
2022-05-20,5,2022-05-23,1,21,10434
2022-05-20,5,2022-05-24,2,21,1517
2022-05-20,5,2022-05-25,3,21,133
2022-05-20,5,2022-05-26,4,21,23
2022-05-20,5,2022-05-27,5,21,112
2022-05-20,5,2022-05-28,6,21,22
2022-05-20,5,2022-05-31,2,22,20
2022-05-20,5,2022-06-01,3,22,5
2022-05-21,6,2022-05-21,6,20,25247
2022-05-21,6,2022-05-22,7,20,5399
2022-05-21,6,2022-05-23,1,21,16107
2022-05-21,6,2022-05-24,2,21,3376
2022-05-21,6,2022-05-25,3,21,1315
2022-05-21,6,2022-05-26,4,21,21
2022-05-21,6,2022-05-27,5,21,12
2022-05-21,6,2022-05-28,6,21,102
2022-05-21,6,2022-05-29,7,21,3
2022-05-21,6,2022-05-31,2,22,7
2022-05-21,6,2022-06-01,3,22,7
2022-05-22,7,2022-05-22,7,20,30325
2022-05-22,7,2022-05-23,1,21,12369
2022-05-22,7,2022-05-24,2,21,32426
2022-05-22,7,2022-05-25,3,21,4754
2022-05-22,7,2022-05-26,4,21,46
2022-05-22,7,2022-05-27,5,21,28
2022-05-22,7,2022-05-28,6,21,193
2022-05-22,7,2022-05-29,7,21,40
2022-05-22,7,2022-05-30,1,22,43
2022-05-22,7,2022-05-31,2,22,20
2022-05-22,7,2022-06-01,3,22,6
2022-05-23,1,2022-05-23,1,21,31228
2022-05-23,1,2022-05-24,2,21,9998
2022-05-23,1,2022-05-25,3,21,16805
2022-05-23,1,2022-05-26,4,21,1067
2022-05-23,1,2022-05-27,5,21,167
2022-05-23,1,2022-05-28,6,21,74
2022-05-23,1,2022-05-30,1,22,108
2022-05-23,1,2022-05-31,2,22,52
2022-05-23,1,2022-06-01,3,22,26
2022-05-23,1,2022-06-02,4,22,22
2022-05-23,1,2022-06-03,5,22,16
2022-05-24,2,2022-05-24,2,21,31828
2022-05-24,2,2022-05-25,3,21,12694
2022-05-24,2,2022-05-26,4,21,11927
2022-05-24,2,2022-05-27,5,21,5447
2022-05-24,2,2022-05-28,6,21,406
2022-05-24,2,2022-05-30,1,22,167
2022-05-24,2,2022-05-31,2,22,58
2022-05-24,2,2022-06-01,3,22,87
2022-05-24,2,2022-06-02,4,22,14
2022-05-24,2,2022-06-03,5,22,8
2022-05-24,2,2022-06-04,6,22,5
2022-05-25,3,2022-05-25,3,21,23054
2022-05-25,3,2022-05-26,4,21,6396
2022-05-25,3,2022-05-27,5,21,12866
2022-05-25,3,2022-05-28,6,21,6181
2022-05-25,3,2022-05-29,7,21,83
2022-05-25,3,2022-05-30,1,22,214
2022-05-25,3,2022-05-31,2,22,198
2022-05-25,3,2022-06-01,3,22,86
2022-05-25,3,2022-06-02,4,22,56
2022-05-25,3,2022-06-03,5,22,21
2022-05-25,3,2022-06-04,6,22,16
2022-05-25,3,2022-06-07,2,23,26
2022-05-26,4,2022-05-26,4,21,20601
2022-05-26,4,2022-05-27,5,21,5062
2022-05-26,4,2022-05-28,6,21,13398
2022-05-26,4,2022-05-29,7,21,195
2022-05-26,4,2022-05-30,1,22,1546
2022-05-26,4,2022-05-31,2,22,329
2022-05-26,4,2022-06-01,3,22,203
2022-05-26,4,2022-06-02,4,22,31
2022-05-26,4,2022-06-03,5,22,9
2022-05-26,4,2022-06-04,6,22,10
2022-05-26,4,2022-06-08,3,23,9
2022-05-27,5,2022-05-27,5,21,17313
2022-05-27,5,2022-05-28,6,21,7011
2022-05-27,5,2022-05-29,7,21,2
2022-05-27,5,2022-05-30,1,22,12972
2022-05-27,5,2022-05-31,2,22,1876
2022-05-27,5,2022-06-01,3,22,90
2022-05-27,5,2022-06-02,4,22,38
2022-05-27,5,2022-06-03,5,22,24
2022-05-27,5,2022-06-04,6,22,22
2022-05-27,5,2022-06-07,2,23,8
2022-05-27,5,2022-06-08,3,23,15
2022-05-28,6,2022-05-28,6,21,21401
2022-05-28,6,2022-05-29,7,21,4369
2022-05-28,6,2022-05-30,1,22,21345
2022-05-28,6,2022-05-31,2,22,4356
2022-05-28,6,2022-06-01,3,22,1171
2022-05-28,6,2022-06-02,4,22,71
2022-05-28,6,2022-06-03,5,22,28
2022-05-28,6,2022-06-04,6,22,18
2022-05-28,6,2022-06-05,7,22,33
2022-05-28,6,2022-06-07,2,23,29
2022-05-28,6,2022-06-08,3,23,28
2022-05-29,7,2022-05-29,7,21,27533000
2022-05-29,7,2022-05-30,1,22,8839
2022-05-29,7,2022-05-31,2,22,20647
2022-05-29,7,2022-06-01,3,22,2915
2022-05-29,7,2022-06-02,4,22,87
2022-05-29,7,2022-06-03,5,22,49
2022-05-29,7,2022-06-04,6,22,27
2022-05-29,7,2022-06-06,1,23,26
2022-05-29,7,2022-06-07,2,23,48
2022-05-29,7,2022-06-08,3,23,1
2022-05-29,7,2022-06-09,4,23,4
2022-05-30,1,2022-05-30,1,22,28298
2022-05-30,1,2022-05-31,2,22,13034
2022-05-30,1,2022-06-01,3,22,31396
2022-05-30,1,2022-06-02,4,22,2134
2022-05-30,1,2022-06-03,5,22,227
2022-05-30,1,2022-06-04,6,22,31
2022-05-30,1,2022-06-06,1,23,15
2022-05-30,1,2022-06-07,2,23,82
2022-05-30,1,2022-06-08,3,23,25
2022-05-30,1,2022-06-09,4,23,36
2022-05-30,1,2022-06-10,5,23,29
2022-05-31,2,2022-05-31,2,22,32673
2022-05-31,2,2022-06-01,3,22,15837
2022-05-31,2,2022-06-02,4,22,18197
2022-05-31,2,2022-06-03,5,22,2244
2022-05-31,2,2022-06-04,6,22,44
2022-05-31,2,2022-06-07,2,23,148
2022-05-31,2,2022-06-08,3,23,131
2022-05-31,2,2022-06-09,4,23,42
2022-05-31,2,2022-06-10,5,23,28
2022-05-31,2,2022-06-11,6,23,10